,A,B,C,D
2000-01-01,-0.6034848780930346,1.0234630415458728,-1.319971298541466,0.13101697626116468
2000-01-02,-0.8097124304802805,2.354326607417159,-2.517312865674249,0.24738982387981082
2000-01-03,-1.7737371253810275,3.5704922465499394,-3.3854121304981226,-0.18511793228022885
2000-01-04,-3.8087679466595863,4.172608228599006,-3.3808745678322274,-1.4525975075767759
2000-01-05,-4.057870595794327,5.017690471363888,-2.9560480826959465,-1.3765911788254337
2000-01-06,-3.7558060169951446,5.716882152550565,-3.5009791935844925,-0.3841082794104028
2000-01-07,-3.2776131014695356,5.895896474848824,-2.946830491982336,-0.3758308926629067
2000-01-08,-1.7098803516887662,6.917500551166953,-3.7718502477964453,-0.6118923390613451
2000-01-09,-1.5952857468407162,6.903007411782945,-3.9017660678230324,-0.9372388358726437
2000-01-10,-1.862857034058906,7.6110983335861295,-2.4067895737472904,-1.6671818929708302
2000-01-11,0.06369031208559406,7.1247034984459034,-3.637086356207334,-0.42305360469812237
2000-01-12,1.1119730022655956,5.939459486622715,-4.4914340300052835,-2.070844629669442
2000-01-13,2.018238742967286,5.760631690542597,-4.577458596656905,-3.4280948620727525
2000-01-14,1.728954069593529,5.14548682522178,-4.8071686189204765,-1.76752134877999
2000-01-15,0.6316853291227675,5.001899051703217,-5.866624250023918,-2.163335853823761
2000-01-16,2.9231224512249536,6.183266767854937,-4.854480538657573,-1.9763509690020546
2000-01-17,5.4327820409817615,5.715534316996084,-7.009444506610883,-1.1699194075868602
2000-01-18,4.89802096436687,5.974590697856603,-5.925922225280846,-1.2815893936211633
2000-01-19,5.878656853570568,6.146083108012847,-4.8190564199280885,-1.901468072156589
2000-01-20,5.6085375715867825,6.436875204944014,-4.078902988772628,-1.9230463327154024
2000-01-21,5.53672342843652,7.243127955178635,-3.912522318039348,-1.4470029736730976
2000-01-22,4.687983303242133,6.453779255311817,-2.7774313687093013,-2.331391970265843
2000-01-23,4.117293401962563,5.139971951804694,-4.590557374370204,-2.5729230567265855
2000-01-24,3.4322466120370496,6.288381410377446,-3.767289276863499,-1.9931976784119925
2000-01-25,3.9728266625641253,5.737012038248021,-4.160089073838611,-2.9124155533796565
2000-01-26,5.389060631023632,6.27712646876304,-3.225444441214112,-2.489331214763733
2000-01-27,5.647740875216587,6.953401209651786,-2.4605264832185774,-0.47751019377166104
2000-01-28,7.2955435343904504,5.706514336437262,-4.642177612446089,-1.4085302740395722
2000-01-29,8.245599795088411,4.979106969269716,-4.870010813687753,-1.821818222256987
2000-01-30,7.534591174877962,6.374362904583137,-6.765706949199636,-1.4799693493377228
2000-01-31,6.195708813920777,6.676539070478027,-7.127918909679839,-1.2063748419288916
2000-02-01,6.690867844002118,6.070965195130484,-8.097408288787774,-1.0545761861854814
2000-02-02,6.806582061789932,4.2738966094808974,-9.023373065855921,-1.6756026811337459
2000-02-03,7.105788192233767,5.058433979278919,-10.555887612399221,0.8355310475166
2000-02-04,6.545487141668676,6.259900290613825,-12.317859744853138,1.14674100609221
2000-02-05,7.903790513355562,6.02341147941236,-10.818865540191625,1.295104566644988
2000-02-06,7.346818075091996,6.050912350425044,-11.587544519776015,1.743796305908438
2000-02-07,6.3624463512348175,3.6545673833519787,-11.914859198870637,3.4725010255689206
2000-02-08,6.603507166793361,1.8898508669836207,-12.77881679450598,2.939452240215619
2000-02-09,5.794530695208361,1.0546145460416745,-14.383724844467025,2.852966028383075
2000-02-10,5.95549782321822,0.7471290523097298,-15.673795975236063,3.393639899782894
2000-02-11,6.731904098413175,-0.720804617389482,-15.120882814463533,3.812898824921491
2000-02-12,6.028845934144353,-0.6353678589064095,-14.82996770341181,4.349954906498284
2000-02-13,4.477062494155261,-0.8886557823944505,-15.60841194050784,4.203992221450246
2000-02-14,4.653983430092719,-0.6262976854265038,-14.772995763534865,2.010900912394914
2000-02-15,3.965349282675875,-0.6635942034577466,-15.504493405785082,1.5715411454672483
2000-02-16,3.3396107503370938,-1.1402053293307066,-15.445072428704734,1.0273169815521126
2000-02-17,3.4029514266060885,-1.97124110901906,-14.030873976626143,0.564561962501348
2000-02-18,2.5098617696787673,-1.6197552394334238,-14.011699662582153,0.9063221848434909
2000-02-19,1.5841139922778835,-1.5496377631692184,-12.876396100724197,-0.6487581747677217
2000-02-20,1.581048151169938,-3.534520831613522,-13.650536235027102,0.05099619329473748
2000-02-21,0.8504786286900845,-4.498497483475114,-15.587273658583278,0.9618955322921007
2000-02-22,2.2743647950648755,-4.107961049982852,-15.333404706778053,2.718647645616419
2000-02-23,1.350155875612002,-3.5850365603544883,-14.559888994779687,2.9625942777818315
2000-02-24,0.7941126063852588,-4.414498064170575,-15.586532700799063,3.900574612466966
2000-02-25,0.5735759479973395,-5.04124456769258,-13.817297155370417,3.397679064373654
2000-02-26,0.052782216972355744,-4.859491926485283,-14.598296701274617,2.967517647382933
2000-02-27,-0.021132376644468,-4.327694920031932,-13.162560305982456,2.9394153359483264
2000-02-28,-1.2073783817931476,-3.7843177595757753,-13.892351545512566,2.495999578050879
2000-02-29,-0.7816139300091719,-3.1737210706339853,-14.95269427946723,2.3773289163642675
2000-03-01,0.07956159491423176,-2.467694599276074,-13.644257301831393,1.2719242749998698
2000-03-02,0.7567946765708777,-1.6195040378205507,-11.909057706939748,0.8499562969086877
2000-03-03,0.36984983641794106,-0.3874585825337973,-12.287308442321363,2.2135885167353098
2000-03-04,-1.696932979327638,0.036321050732596116,-13.150133044934734,1.9884515026927092
2000-03-05,-2.376792246165967,0.19409696731782047,-12.198300470304465,1.4347759499840214
2000-03-06,-2.311306635968172,0.24066746577100478,-11.476358070938321,1.5833711021758283
2000-03-07,-1.2684429977350449,0.5800276380164809,-10.89713914232621,1.6345469246508404
2000-03-08,-0.37851818404988824,0.052836429078658376,-10.756765826791504,2.168078680735032
2000-03-09,-0.15846496054148404,-0.8905840751739232,-12.226113509947789,0.37292553843268883
2000-03-10,0.16274888874538432,0.9389986904954485,-13.0611057727735,0.6178606711807355
2000-03-11,-1.3646381988352572,2.002836658693613,-11.888145120176288,1.795010561687902
2000-03-12,-3.8982307672870915,2.171837685018348,-12.715852602301213,1.5276347653904943
2000-03-13,-3.2444911062181365,2.077460734464316,-13.17804629010453,2.058335332627055
2000-03-14,-2.4368357297794456,1.2415881960355697,-13.350762985411517,3.3171756679197646
2000-03-15,-3.1014191311821,2.8090429809263653,-11.344458704828222,2.80539990628008
2000-03-16,-4.469829546212555,2.913451434367052,-10.484702284845609,3.273912935507808
2000-03-17,-4.310979999278421,2.961422846096194,-10.740238076666294,4.334099866957825
2000-03-18,-4.095976062683914,2.058946052842877,-11.558460593570972,2.4849331979733624
2000-03-19,-4.265655067979593,2.200009051436866,-11.031942447373858,3.1245239031610406
2000-03-20,-2.3669153245872625,0.10546532841861112,-12.147509116926178,3.1653058922986275
2000-03-21,-4.658006850250558,0.012813439493481585,-11.875932544973377,4.116087851861459
2000-03-22,-2.760123867853114,-0.6428253366314258,-12.670687633515925,4.6848040894364305
2000-03-23,-2.5148760664427834,0.30438576445589516,-12.580716390085406,4.292267785037795
2000-03-24,-2.7506643632141072,0.5671395747627532,-11.95765971490793,5.6687072419398215
2000-03-25,-2.4131646305550896,-0.8289044009173363,-12.59282599763217,5.093773269657531
2000-03-26,-2.676330856525536,-0.03859198260827956,-12.229784639359293,6.876608884858086
2000-03-27,-2.8237743960444583,0.6993843052256125,-12.433387529054624,5.972459545148565
2000-03-28,-2.8552493841218665,-0.41375059225431576,-12.028427836762509,8.187211487857414
2000-03-29,-4.431613843873793,-1.2293516292093596,-13.741281997185009,7.887301886673065
2000-03-30,-4.773599025541475,-1.0814524536088295,-13.592499668522182,8.401370707812651
2000-03-31,-8.366790412045901,1.2679176740586702,-12.820926827837637,8.063679134874796
2000-04-01,-10.343552053334223,-0.25022529852275843,-13.186651065623295,8.330595677753879
2000-04-02,-10.316830873707378,-1.011654894195996,-13.098450552787513,7.889819751382867
2000-04-03,-9.758404210577785,-2.2587342159501524,-12.008033285611235,8.060119116325474
2000-04-04,-10.220201881136632,-3.2201830624484478,-12.860407200133915,8.69523576986671
2000-04-05,-8.794023188157489,-3.6757452121545637,-12.806817301119214,8.298802641285457
2000-04-06,-7.566827661024623,-3.2810893872114604,-12.321634569477084,7.334062169376848
2000-04-07,-8.321472475025324,-4.047678192879436,-12.870285550066686,7.153517704023203
2000-04-08,-8.731769758178409,-3.6665672557262403,-12.917972562776892,6.7562707934540915
2000-04-09,-8.166805811125826,-3.755752549760417,-12.747318132365688,5.80808934456532
2000-04-10,-10.034009918445456,-2.529728717563362,-11.328953841867687,7.564889333635579
2000-04-11,-8.36957995002153,-2.331193908778114,-9.21365448710939,7.367374906575304
2000-04-12,-7.756847415642722,-1.990592607442263,-9.7721367723767,8.892162033937867
2000-04-13,-7.620700269158727,-2.061618450879974,-9.386073713733943,8.529383247709122
2000-04-14,-9.967911239743751,-2.9957209252809998,-7.779550436468895,10.915591947127425
2000-04-15,-8.547297829042256,-4.01581073440153,-8.633892891674009,11.512547382065646
2000-04-16,-7.774013146469974,-3.4940646843549183,-7.581687888367212,12.42592684386288
2000-04-17,-6.620172050574331,-4.091266469389253,-8.092920679359333,12.645382479695044
2000-04-18,-5.042854804158331,-4.12972194317077,-8.059850747627507,14.006602180961622
2000-04-19,-5.405974884559149,-5.748727300396576,-8.004226529460704,12.962920830324746
2000-04-20,-5.87094876707769,-6.484341401775671,-8.957308736854005,13.075085011422795
2000-04-21,-5.794621030530537,-6.850386842238845,-8.59096153272119,13.193194622559862
2000-04-22,-6.998175313101763,-8.161873675611815,-10.403861581334931,14.896405678402754
2000-04-23,-5.370393136974205,-7.623564995981706,-12.113229344065884,15.398947598146133
2000-04-24,-4.454465205938689,-7.370495721779545,-12.385559841130213,14.867114814343024
2000-04-25,-3.078244515054659,-7.54011657326028,-11.54558239241435,15.431756589843593
2000-04-26,-1.213829880899697,-7.374329072131477,-10.720272399173382,15.253404649147596
2000-04-27,-2.5370331431415347,-6.7092738741564295,-10.036915745203743,14.035662550572278
2000-04-28,-3.504381219194748,-5.607571858177886,-7.812820845256266,13.514530089891311
2000-04-29,-3.7403994067895914,-3.729840814135897,-7.870619729541886,13.868276205116517
2000-04-30,-6.485563268732449,-4.474873301874907,-7.553492359162979,13.157751274364909
2000-05-01,-6.441059089470739,-3.933970690425784,-5.897200615236759,10.95636987264704
2000-05-02,-6.293855046823319,-5.651878669472964,-5.916949492807068,13.654590649403836
2000-05-03,-7.514747439637291,-5.3378153599294045,-7.0201607129968036,14.341609196392922
2000-05-04,-9.256070323164467,-6.53091735909204,-6.079559971482906,15.230117211685126
2000-05-05,-8.845747911916108,-7.6041075755034875,-6.2479521492631545,16.10637648285804
2000-05-06,-10.60955202546818,-9.942389938932646,-5.999209500363669,15.633011774088747
2000-05-07,-10.221274177377072,-9.399780789185714,-6.409242028411753,14.057849461889079
2000-05-08,-10.515481370719742,-9.504982061286412,-8.075547400664789,13.256978386210703
2000-05-09,-11.077523301134203,-10.634229747661083,-8.597104929937846,14.14191287481751
2000-05-10,-11.575098423029278,-10.754790691266313,-8.958958651261646,12.820772206210652
2000-05-11,-11.58859275424554,-10.606956813615781,-10.622322708795641,14.052225891309996
2000-05-12,-12.36402703192031,-9.037432071048187,-11.046842590135922,15.261602158844003
2000-05-13,-12.892111764873032,-7.010888375690279,-11.631762358954179,16.223104433818456
2000-05-14,-11.381297266421825,-5.154335138147566,-10.450039755819946,17.269970823347762
2000-05-15,-12.035467160473388,-5.101764001791046,-10.701508814068129,18.4755268085469
2000-05-16,-11.75031477577783,-4.889988070676622,-12.335868619176212,17.490569307225833
2000-05-17,-13.477767060795486,-6.156171350738167,-11.487270240939536,17.99215002177604
2000-05-18,-12.856283551779015,-6.123635393043079,-10.937942696127436,18.640646826458397
2000-05-19,-13.03835449531244,-7.093510213719071,-11.356411389754284,19.59123615986253
2000-05-20,-11.201450073614424,-6.185039409966191,-12.335725401491505,21.50366286128019
2000-05-21,-10.301315657026,-6.376899986435024,-13.009981132054738,23.05339853574026
2000-05-22,-11.011528514976238,-5.957233811775467,-13.305856048279262,23.2361391232775
2000-05-23,-11.085893098531074,-5.353636965241123,-12.384736699940536,23.73222634497785
2000-05-24,-10.405101741328863,-5.135521860815856,-12.124573985325732,24.374423945159922
2000-05-25,-10.699948477360465,-4.596044114407553,-12.766120070015614,23.766896035647257
2000-05-26,-10.709772819991134,-6.037036774377581,-13.755438014356395,24.332660371686845
2000-05-27,-8.9224354280868,-6.313167774202795,-12.859701703529906,25.010380879858452
2000-05-28,-10.661737297609928,-5.2803100242611585,-13.29181059584567,26.071080166912108
2000-05-29,-10.433951109602559,-5.961726116649389,-13.469647791164025,25.984529767838588
2000-05-30,-10.44549252432339,-7.0598139489654566,-12.701508904797276,26.85681689289626
2000-05-31,-7.993979383039145,-7.662383144843043,-14.174877468643244,25.20079387700655
2000-06-01,-6.67139695651103,-8.172268092136596,-12.486787471084737,26.112122739454836
2000-06-02,-6.129675857517035,-8.367990399592317,-13.93440352096792,25.948196596209552
2000-06-03,-6.900804856374888,-8.733464306294294,-14.679126234654827,23.554499788675336
2000-06-04,-5.798584753082785,-8.90772872107258,-13.104757196077582,23.366800121590668
2000-06-05,-6.591048487985435,-9.13550486090376,-11.48382492715075,21.980820861256966
2000-06-06,-7.009239593859178,-7.444586644051667,-11.725758410985657,20.16723080168725
2000-06-07,-5.192785411883186,-7.456841268966665,-12.688559927834326,19.874995087594403
2000-06-08,-6.155188187098713,-8.230860814032487,-13.140982166154949,21.824088482143782
2000-06-09,-5.361034900208283,-7.43696217880496,-15.037277649289724,22.860869303293917
2000-06-10,-5.69095657734589,-8.410429597723146,-14.407885959168086,21.92827847098397
2000-06-11,-6.814049023260952,-6.9995268747496135,-14.47433123383602,22.540902589762876
2000-06-12,-6.692395956142846,-8.279395675140464,-14.53102493192537,22.193148527655552
2000-06-13,-8.559613754336908,-8.14758373680025,-13.196066728595506,22.650990388927617
2000-06-14,-9.152169308500504,-9.308569438949776,-14.617649791970507,22.468163420060172
2000-06-15,-10.491834201676566,-8.86062083243334,-14.723554829687574,21.71164954429112
2000-06-16,-11.027501870581649,-8.712803517494896,-15.214806610746987,23.638235154994696
2000-06-17,-9.625262783811378,-9.827234617377265,-14.299591615930925,23.47896091089156
2000-06-18,-11.42870546149899,-9.160077074456751,-14.923960830287733,22.1133038565506
2000-06-19,-10.889624546077505,-8.95705571034074,-13.624651711566564,21.62082317099341
2000-06-20,-13.316497477372478,-8.678967984834934,-13.265555381956167,20.62714998746888
2000-06-21,-14.4960171582079,-9.332879107156906,-14.713127473237117,20.222755363517358
2000-06-22,-13.532735048720207,-7.913244500375161,-14.059660490059906,21.680798437191964
2000-06-23,-14.82469784028069,-8.557546577073943,-13.606750777932042,21.63918901999086
2000-06-24,-14.895056578459094,-10.15067524135723,-13.926299116005495,21.459307284679834
2000-06-25,-15.035605551707908,-9.456711629883198,-13.33740635570432,19.675416378624274
2000-06-26,-14.456190498590392,-8.69899484703632,-12.736815954078523,19.520883383177626
2000-06-27,-13.049805916052895,-8.313152846811214,-11.916163444067024,19.891594777596755
2000-06-28,-13.4291581900631,-8.589968011590228,-11.680673243344717,19.901835415298514
2000-06-29,-12.793245159817792,-8.262888862795677,-11.967046458313325,20.785762189280362
2000-06-30,-12.545506342761518,-8.100080723577797,-11.738469048988197,19.81289105679738
2000-07-01,-12.641526691447831,-8.28250930674161,-10.929942487531482,18.835624509463702
2000-07-02,-14.695543421038238,-10.245668920953296,-11.13948199755622,19.15663224285502
2000-07-03,-15.305761865912451,-10.342975695896268,-12.848804030282038,19.629123652403447
2000-07-04,-16.29936566939756,-10.172248032012472,-11.104683804392108,19.55886632353621
2000-07-05,-16.317936265752,-9.011291948837375,-11.68504587206066,19.46484560659307
2000-07-06,-16.4359030634782,-9.163788994236203,-11.73380960214265,18.492539986429918
2000-07-07,-15.28585886876688,-10.083730819830372,-10.914077951482376,18.297002267694552
2000-07-08,-15.518519478733179,-10.66973764731522,-11.255797228274552,18.666532300478693
2000-07-09,-16.217610509117556,-10.3417418065942,-11.0972229261135,17.966006493108697
2000-07-10,-15.959722611238613,-11.013295140970225,-10.465810226648616,17.763520375297762
2000-07-11,-16.486488066235612,-11.81334805027248,-9.48732385916456,17.12770515087786
2000-07-12,-17.104823931814387,-11.047250360835399,-10.268071074851836,16.618710949679823
2000-07-13,-16.47404575943682,-10.352644374134808,-10.073761607532528,14.503131367163856
2000-07-14,-16.324753358543077,-9.818151160916868,-11.230458562200823,15.279402749656567
2000-07-15,-15.378043356311553,-8.160375647477496,-9.577544390029242,15.800715112439763
2000-07-16,-14.735331564774926,-11.074132815011337,-9.865005590193075,15.621853839676858
2000-07-17,-14.497763494275853,-10.61527236816714,-10.426530297904163,15.606660812975003
2000-07-18,-14.412527243087617,-10.951829104972607,-9.794996724644987,14.91784328333606
2000-07-19,-15.270098279663287,-10.05643611416754,-9.082129248665666,15.234812172450242
2000-07-20,-14.951205749172408,-9.007206639823071,-9.12284738605387,16.202814210651308
2000-07-21,-15.0375199544205,-11.542059248438337,-9.007278540635465,14.3462341937824
2000-07-22,-13.958334411807353,-10.98353508359033,-8.952240178323313,15.555345604848391
2000-07-23,-13.443156801264719,-11.528661720270566,-9.812961953692568,14.158849705810024
2000-07-24,-12.715625107096244,-11.756696548222676,-8.841659771536158,16.842697175193393
2000-07-25,-12.072941558890681,-11.586298855174679,-9.951471024335259,17.039448404665716
2000-07-26,-12.864979302455446,-10.64992317331455,-10.261216006270173,17.38964671547048
2000-07-27,-13.66894684083918,-10.072101537597758,-10.494841927135024,17.700911134961338
2000-07-28,-13.21454332296279,-10.48433506634041,-11.097462127111307,19.346328474522725
2000-07-29,-13.655392148353997,-10.895271240543456,-11.010640132927437,18.795185878455584
2000-07-30,-14.73315949320654,-11.40135356468959,-10.571768466918025,19.67368933142951
2000-07-31,-15.649468886050789,-12.244658474056276,-9.941126898850172,19.35540049747137
2000-08-01,-14.754357726135979,-12.372361778440949,-9.891651196259799,20.084638833348386
2000-08-02,-14.66291613083444,-12.141824788365199,-9.599856551856881,19.970243336685648
2000-08-03,-14.975929902328128,-11.060148831719443,-10.05286900224749,18.506874947836632
2000-08-04,-14.571075937233093,-11.834839654922854,-10.833108901356816,17.662095238948073
2000-08-05,-14.829627857423477,-11.247348263030212,-11.911996815037426,18.093190267218343
2000-08-06,-15.088678417704012,-11.973134245183324,-13.40230720220273,18.423138090701123
2000-08-07,-15.268153491012688,-11.60891011216104,-13.938397781899779,18.931600758480528
2000-08-08,-12.954733452772018,-12.446951731223681,-15.178532357854897,17.24730698615245
2000-08-09,-11.431885463029941,-14.048146449068524,-15.740013910157357,16.89757852567108
2000-08-10,-10.025903253208723,-13.996931047225182,-15.245182162770591,15.619233085280204
2000-08-11,-10.379143679688632,-13.367255416014425,-16.760484233040856,14.364515870018332
2000-08-12,-11.61923715502549,-13.4582816057507,-15.961480736956492,13.965980801594107
2000-08-13,-12.633304499501174,-13.077863280657521,-14.38452967283644,13.809219314529203
2000-08-14,-13.957101356543342,-13.168149563899794,-14.371424148476546,11.572558763303398
2000-08-15,-13.954180706699555,-13.752725097915029,-13.566237666666,12.643926466934666
2000-08-16,-14.097829231689325,-14.107103717823302,-13.211616365803508,12.403235518918015
2000-08-17,-14.881608427852822,-13.575088449572384,-14.015488250529803,12.76589117921614
2000-08-18,-15.773652941130802,-13.943477383644485,-14.639781596147833,11.934820693702502
2000-08-19,-15.098885337819421,-11.793326058965057,-14.040925198186066,10.92244192179208
2000-08-20,-15.91562621480928,-11.64539062412936,-14.009695967316972,12.209671322776618
2000-08-21,-16.207861608235362,-10.189592182599288,-13.467183754952188,12.650515593413113
2000-08-22,-16.938958777752926,-9.676860707583227,-12.700451528950541,12.803667613057172
2000-08-23,-17.286248381638128,-8.77483413063176,-12.930673020597167,13.12075584673599
2000-08-24,-18.53312490068109,-9.073962847734677,-14.615197871207329,14.257535408622138
2000-08-25,-19.174267296294396,-7.719107374105835,-14.591787106009107,12.757128202965067
2000-08-26,-18.24645310460219,-8.00476692963482,-15.098475774159454,13.053881858895133
2000-08-27,-20.29791423432788,-9.836063913464264,-14.59949076776086,12.864175280874932
2000-08-28,-20.089065348024683,-9.98785731038882,-15.240396115073944,13.54259307821612
2000-08-29,-21.353686616343055,-9.619979749858217,-15.3943938358309,11.544915414327201
2000-08-30,-20.887551556092703,-10.446979218023943,-13.940114864379906,12.527334226912831
2000-08-31,-21.999546317638604,-10.775920145858208,-13.452939993930698,11.614265456585041
2000-09-01,-21.67467139521936,-8.62911383714978,-12.663373977653842,9.615588080302786
2000-09-02,-20.43305348208324,-8.814988229286552,-12.727704655232582,9.603157317664584
2000-09-03,-20.570428956333405,-9.077774393007028,-10.397413682655742,10.63548252449847
2000-09-04,-19.140149360221514,-10.497534213643346,-8.627785699791838,12.357378495890998
2000-09-05,-20.711109174153446,-10.894807178261106,-8.94989214580953,11.73542789964067
2000-09-06,-19.439243119250534,-10.983837884119666,-9.239265941405408,11.724984048758783
2000-09-07,-20.343344166850592,-8.872929833074954,-10.022928588495404,12.284683611312408
2000-09-08,-21.581170248623533,-8.04381598736878,-10.079069035111997,12.989729529027995
2000-09-09,-21.727260956527786,-6.926955428636401,-10.173699225662592,12.148477186357734
2000-09-10,-22.680202056117725,-5.967371950162914,-10.113790733107795,11.181480063922127
2000-09-11,-23.502594250449178,-5.268902414568438,-11.603385959951746,11.000567877099952
2000-09-12,-25.023745971338776,-4.845463158927086,-10.872798392003144,11.260934787729333
2000-09-13,-26.352498080306912,-5.042084485786245,-9.82323230217191,12.45043454979607
2000-09-14,-27.49445166880747,-6.33908420614896,-9.732096109588388,11.936061807220469
2000-09-15,-28.676152025213746,-5.435619368170454,-8.78967558004001,11.68176859265899
2000-09-16,-29.29508315432795,-6.219290784658211,-8.890991426400761,11.586010706859062
2000-09-17,-28.388751348177955,-4.910144484656594,-8.22743856335202,13.122753189138642
2000-09-18,-28.283202179943547,-4.340960618551342,-8.329302502430522,13.092478611816293
2000-09-19,-28.79294537666884,-4.772850154367249,-8.686618388938161,14.044255256347022
2000-09-20,-27.704030992153005,-4.64475715672605,-7.708292407673199,14.077071207841215
2000-09-21,-26.900139341950034,-4.620797974674504,-7.9918805990964525,13.181220440694675
2000-09-22,-27.781199342441752,-5.011831464108552,-7.66514558673995,14.37975413499208
2000-09-23,-27.859050580646205,-4.575034814842916,-8.305932491160412,14.894955323094369
2000-09-24,-27.550393226366634,-4.398863377586105,-7.01972827465676,14.355827318284105
2000-09-25,-27.21907722866641,-4.304466354290691,-6.0406581117763665,12.280181394617788
2000-09-26,-26.73648238325051,-4.195830333405013,-6.358151340420133,11.578344151938081
2000-09-27,-26.710025253932784,-7.5290131850584245,-5.677323554115775,13.992889923332072
2000-09-28,-24.859514712127375,-7.387569272652603,-5.804448679805283,13.648122900923633
2000-09-29,-23.88690738530248,-6.128040032923172,-4.776098139115195,13.23341327098271
2000-09-30,-24.132228419256645,-5.2601187306041215,-6.276482497837833,15.104902828293973
2000-10-01,-23.10822717300792,-4.057519032301683,-6.70073163591931,16.133758010732134
2000-10-02,-22.489803293377378,-4.462831471871121,-5.858184920938157,16.11030522365656
2000-10-03,-23.5294053055248,-4.158996275615447,-6.6358070928841295,13.843133557022682
2000-10-04,-24.97098841049614,-3.8984403204977944,-6.1480912468780415,13.427821721415366
2000-10-05,-23.49880369300561,-3.4295009702424313,-6.1476117715991885,15.291948411314308
2000-10-06,-24.193750383643483,-3.077858192171412,-6.765903162203716,15.93533431991762
2000-10-07,-22.916784211614868,-2.4319041198206013,-7.018500899081586,16.960861861155742
2000-10-08,-23.447354550906283,-2.3966531336602572,-8.093637273894666,17.201915662464994
2000-10-09,-23.04075292044144,-1.6412502771015713,-7.126586015585113,17.136213694529275
2000-10-10,-23.730512579853517,-1.188099764459876,-5.447507764879359,17.108727468800794
2000-10-11,-23.223093276974087,-0.2212139962914519,-4.930112361032489,16.676954751830092
2000-10-12,-21.278059108211572,-0.6140848428901957,-4.200356605442154,15.543071227069456
2000-10-13,-22.438301450519788,0.511159703166701,-3.883130477963995,16.295300838120003
2000-10-14,-20.756909388218578,1.2755569685408927,-5.430099703576502,17.26011849137955
2000-10-15,-21.438348338630835,0.5776030209290322,-5.397552596554995,17.36343067993672
2000-10-16,-21.529071744138466,0.7991123901830983,-4.28114974215767,18.732290880074736
2000-10-17,-21.557261596012506,0.4098383533406792,-3.0561068454592277,18.866967953336673
2000-10-18,-19.872712971898636,0.06996166543638926,-2.2457909043227393,17.84050850580084
2000-10-19,-16.99672025905587,0.7373716549868163,-3.3605014537194915,19.374551716793324
2000-10-20,-16.85005719645036,-0.6827191448438397,-4.803641318552613,17.745172012270864
2000-10-21,-17.59258673527915,-1.688121726996973,-3.564235104436941,17.714418758973366
2000-10-22,-17.991843595761594,-1.8848148612979567,-4.53663393015732,17.767375185417176
2000-10-23,-17.506942647530778,-1.7253456239333897,-3.4634595125849765,19.08045869955612
2000-10-24,-16.449469104811357,-1.7747558184398697,-3.814208536325281,19.069489690667975
2000-10-25,-17.125390267867502,-4.07512997407253,-6.027323240408779,18.870819656137943
2000-10-26,-18.762592072277517,-4.1454625452361,-6.572429176182045,19.860225270477613
2000-10-27,-18.473181570932354,-3.6507939533607647,-6.942437703628696,20.162107038686823
2000-10-28,-21.125645185677893,-4.431421093075869,-6.328974970570718,19.749647143274625
2000-10-29,-20.555833850272265,-4.40236650571557,-4.913690875609262,17.395340843221977
2000-10-30,-21.415941574214806,-3.739477454426418,-5.379562633405573,18.011498253907106
2000-10-31,-20.477477961546455,-3.847116240855834,-4.878582902209781,18.93547266261618
2000-11-01,-20.605312253807046,-4.501003430102002,-6.236762345112283,18.01203448547312
2000-11-02,-20.827276174652937,-5.183451989794601,-5.371737905264425,16.275971153298627
2000-11-03,-21.448791902008516,-5.344946773029234,-5.045832217927934,15.448957070138773
2000-11-04,-21.326896783850735,-5.289406919930687,-5.405158023362145,17.059687328833018
2000-11-05,-23.555426169622773,-5.499881694193639,-5.223053230984947,17.924365683125217
2000-11-06,-22.779956475859752,-6.931830783597391,-5.781968832184161,16.305285449441083
2000-11-07,-22.20381580832327,-7.44620002253146,-6.513605357749201,18.04176524099143
2000-11-08,-22.26294414352489,-7.284785006011029,-8.28278337872453,18.320259806873857
2000-11-09,-22.951711518883307,-7.223722185589656,-9.510658432185288,18.835354240313908
2000-11-10,-23.945679597112278,-5.186242561962706,-9.539648042207144,18.573259595342467
2000-11-11,-24.31985119315595,-4.884180119821768,-9.355271058024822,16.96757899733663
2000-11-12,-22.34975080371059,-5.149119243478953,-10.44428093361785,16.94118905006256
2000-11-13,-21.127816830092854,-3.3801771524705195,-8.874039012441294,15.77742115750535
2000-11-14,-20.698805984112603,-2.6261860865482,-10.101913933354986,15.694222651069184
2000-11-15,-21.459658123861256,-2.3405829462314123,-9.408573621473886,16.392935347405427
2000-11-16,-22.581820301648516,-0.09953732467606136,-8.726146159155125,15.900581083392375
2000-11-17,-23.165521504483372,1.2070413447834656,-8.589147494924324,15.907280748791468
2000-11-18,-23.4751615483421,1.562144900199508,-9.116995205093884,15.49584223517674
2000-11-19,-23.504646809586934,1.5677741874930209,-8.633454412508819,15.93039680538161
2000-11-20,-24.43053593040151,2.142307824819575,-6.180131204342074,15.334618127019874
2000-11-21,-25.490168005886947,2.001411121330263,-8.169475327222928,14.012050066942257
2000-11-22,-25.622262911356817,1.8205008852283633,-11.38045326823265,13.903941344326373
2000-11-23,-26.549145996297188,2.2294005290054395,-11.858256123584912,14.156023729555946
2000-11-24,-26.566942574663326,3.5214663834655697,-12.302734855084728,14.950228931534076
2000-11-25,-25.07111756320753,4.7590451879706634,-12.122870319578164,15.234694102967534
2000-11-26,-25.120752762317256,3.5399204352872227,-12.267067655531271,16.05902399887454
2000-11-27,-25.166501910740358,4.072600154725977,-9.174476827670636,14.713020554749178
2000-11-28,-24.166826631705383,3.9704010746877114,-9.592604436170078,15.011612632012067
2000-11-29,-22.186746228056712,5.2719040008571785,-10.54889276713784,14.012330666049992
2000-11-30,-22.646736769802573,5.475639799930118,-10.077450989371252,13.774903874254132
2000-12-01,-21.72448059438685,5.082964063721354,-10.674660056281104,13.977221649793204
2000-12-02,-22.62192275756478,5.853604239548427,-11.601249601314635,14.192183443741897
2000-12-03,-22.776407130259646,4.93214733297035,-11.015306387734942,14.148957572282896
2000-12-04,-22.05172268168574,5.410302674855139,-12.24897408618337,15.222611214752126
2000-12-05,-22.48491542679777,3.2400447382327755,-14.304230669839274,14.275636877396058
2000-12-06,-22.89773944583628,3.5718241518388885,-14.070689751342458,13.394693593586265
2000-12-07,-21.490898083402655,3.6377631895574267,-15.799975679300902,12.530695686134663
2000-12-08,-20.98778360059244,3.2423017259173585,-15.921217187025096,12.71539125336745
2000-12-09,-21.382746796201566,2.509515567480097,-15.80038068040394,13.46365856197516
2000-12-10,-23.269941306981472,2.6876710577837493,-16.20139416519758,14.942356039046325
2000-12-11,-24.284191886082578,4.029765788623906,-15.516259194299343,14.789726274371713
2000-12-12,-25.29260735392768,6.002844882812416,-15.174822750391348,15.656205537005528
2000-12-13,-25.81555120082479,7.502967736347206,-15.067300967840772,16.67978486937863
2000-12-14,-26.560319516402256,9.862287521723946,-15.227174174819208,18.507882901261603
2000-12-15,-26.314607300634112,9.378900870802584,-15.777605896919473,18.67790948233862
2000-12-16,-25.81963565272124,10.099209133923784,-16.488606567933797,18.302167002296887
2000-12-17,-26.07912392460386,8.270693129514894,-15.992208899309743,18.844714403528126
2000-12-18,-25.384031585371204,8.358157220087007,-16.5327056184857,18.32929435735544
2000-12-19,-25.11927028658044,9.110109734706835,-17.51286990577728,15.591456407004976
2000-12-20,-23.30090228859967,9.227846712289363,-16.62694282597521,15.478542728291565
2000-12-21,-22.17782117594369,10.76422968148144,-17.671722038405616,16.96637061743332
2000-12-22,-22.290436894442603,10.998985671702808,-17.67285588385665,17.32506859671895
2000-12-23,-21.505970243232916,9.4686218691653,-17.035107900377024,18.513567259259062
2000-12-24,-20.347009932733382,8.189969793689833,-16.3843803903938,18.80814638817274
2000-12-25,-20.445759230670742,8.015215565266402,-16.92050265588035,20.543538868805022
2000-12-26,-22.013026842796705,8.071693849477564,-15.750970957106704,18.90170284097323
2000-12-27,-22.022254035690352,8.114150375085483,-15.406014810641672,19.32090700341548
2000-12-28,-22.404087017590154,7.070011203993628,-17.294026036884866,18.28460811208272
2000-12-29,-23.558136757858477,7.295546597683221,-17.207470166468408,18.87049388731091
2000-12-30,-23.470110231462794,7.8419346172936635,-16.80573557076068,18.535985017874083
2000-12-31,-22.138452917608518,7.960185894860209,-17.020444090007153,18.5547627832767
2001-01-01,-23.024286500691904,7.065303524205935,-15.362279253167408,17.74108707957516
2001-01-02,-24.043145249147702,5.1208693140640955,-14.881223648913037,17.550063292574137
2001-01-03,-24.387693379501396,4.721577214854644,-14.273536513832742,18.6009686868927
2001-01-04,-24.300059226120027,5.694874643036747,-13.122378713978133,18.2602743704343
2001-01-05,-23.415250906815913,6.631325473591014,-13.3058787622664,17.246525282186834
2001-01-06,-23.335161298809783,7.617687776704907,-12.797797598942694,19.323989076077886
2001-01-07,-24.915756757166655,8.788311449995355,-12.113585148062933,18.469518135456912
2001-01-08,-23.227312471337502,9.0613878171684,-10.751344289011431,18.858298306563604
2001-01-09,-22.71448676514798,9.408668986083045,-10.90102475702494,18.11569047402745
2001-01-10,-23.873076864199685,9.722416899257153,-11.167250953364618,18.584627862877944
2001-01-11,-26.335413423545432,9.947211733002517,-10.867315806686927,20.007913337216657
2001-01-12,-23.975561104959905,10.251146142130432,-11.593497476799863,19.040637320620217
2001-01-13,-24.238656652184773,9.30547068867686,-11.93497162945222,17.5959342157235
2001-01-14,-22.698629985696147,10.167152148749409,-11.00285024986605,17.16698782451084
2001-01-15,-23.586042714898852,10.415188023864783,-10.249920995478668,16.422906546530406
2001-01-16,-23.858496582282044,10.863789441654683,-8.990019056140731,16.98017217923942
2001-01-17,-23.31592828842574,9.031310988480408,-9.572383963121505,17.287566046480837
2001-01-18,-23.944989369944814,8.40599417993932,-9.17780281854591,18.78122247369752
2001-01-19,-22.288932454227105,8.959857472379708,-7.401587916810399,18.937422800949097
2001-01-20,-22.400564592086628,7.834257184794893,-8.953598206078585,17.623838640194503
2001-01-21,-21.36161464877007,7.6125638955237465,-10.669308684004946,18.56395685013741
2001-01-22,-19.99869274990465,7.871861715936218,-11.81865322796228,18.943083637755407
2001-01-23,-19.60249222370404,9.513678951798072,-11.605383331410303,20.623946918845753
2001-01-24,-19.249079509341172,9.932131210056717,-11.443683446857749,21.843131050808523
2001-01-25,-19.35200115420192,9.9317908322053,-10.472837047325047,21.62997306391959
2001-01-26,-17.464643282675468,9.926100917419504,-10.735535250487484,22.4702885680612
2001-01-27,-17.363362275726544,11.160456555147018,-11.510749326709742,22.57687027881802
2001-01-28,-17.417554414935374,10.264239461579734,-12.021687628005298,23.19347327700021
2001-01-29,-18.593649082650064,9.996551883936242,-14.097224579602845,24.079512847621825
2001-01-30,-19.94132694627911,10.23766710426346,-14.176521394833843,23.188136133938773
2001-01-31,-18.628555721826977,11.353093001311551,-13.127596048231046,24.153762835331772
2001-02-01,-19.675058027560087,11.244736069642997,-12.082033671215035,24.123118455074895
2001-02-02,-21.054032289602375,11.353895968307388,-12.970739955109652,24.94871030416591
2001-02-03,-20.99141588421137,11.354170156273268,-13.034181174322583,25.1941431232009
2001-02-04,-22.021252803866172,13.343989062988243,-12.913900347902498,25.319425933409015
2001-02-05,-21.338018986801156,13.451865771173622,-15.427455932586552,26.243165537591977
2001-02-06,-19.661830274195953,14.82517825193698,-15.212042626658311,27.2747115386754
2001-02-07,-20.564158167011147,15.928989222580995,-14.220783553016757,27.638807872939715
2001-02-08,-19.06516395725623,18.61748107596982,-12.329305460914428,26.49080828654432
2001-02-09,-20.37622375486168,17.227856938292465,-13.914789618148781,26.4638652106526
2001-02-10,-20.036865065359816,17.524756159580605,-14.22845343038301,27.810243234941574
2001-02-11,-20.064495935490218,17.674112018125072,-14.149993515945688,29.083506727325386
2001-02-12,-17.893597464544055,17.63841935802084,-14.175305558387178,28.948055657418532
2001-02-13,-17.381277643367497,19.214887965947895,-12.4920042930995,28.486420365819434
2001-02-14,-18.692121551872667,17.143243842701267,-12.678972720744493,28.668641037193503
2001-02-15,-19.474451174498146,18.727465965571668,-14.749968194913714,30.057995823024957
2001-02-16,-19.239995862665893,19.814102797197,-14.769509843756607,29.160656519286594
2001-02-17,-19.330371125002127,21.220198334880877,-15.47128857123506,29.860707355381887
2001-02-18,-19.30315651505165,20.587301520335327,-14.49502916015857,29.83584136844147
2001-02-19,-20.666853905389644,20.903696343939238,-14.004283745280091,31.910279582966268
2001-02-20,-20.742161028365793,22.407999871450997,-13.818193397364986,32.91878405704347
2001-02-21,-19.54525452355891,23.461327064838464,-14.583989892555497,33.29071025847649
2001-02-22,-20.596203144171803,23.63583484862254,-14.83482963493581,34.02855367522759
2001-02-23,-21.468013322512853,24.35297927314941,-13.46939976286899,34.31485065037369
2001-02-24,-21.404178073565923,26.409229022981705,-14.698387543942863,34.214284315716824
2001-02-25,-20.2647563704739,27.41413841856042,-16.616390886572226,34.27654381518968
2001-02-26,-18.19084442554642,27.11347875081003,-15.975750832455486,34.07164482272941
2001-02-27,-14.867459137639461,27.24134245771855,-16.31753367685844,35.02707441224246
2001-02-28,-15.775590345129611,27.21584138518065,-17.319837055229264,34.76776076217662
2001-03-01,-15.784318650659408,26.50401200025326,-16.6122590462517,37.44795644268352
2001-03-02,-15.393284093133474,27.03466794391534,-17.568548661982845,36.50911463552869
2001-03-03,-15.146901314385723,26.967790159389622,-18.942077576565563,38.3270610104195
2001-03-04,-14.65767951527997,26.647563528477427,-19.52673982784715,37.144495930570315
2001-03-05,-15.554787769020237,26.388552853333202,-19.79386577186823,36.97350470635343
2001-03-06,-16.109817236688666,26.61887082852159,-19.924271194602436,38.21418840680514
2001-03-07,-14.88138795382314,27.378355672435248,-20.616628513885928,39.798957249892126
2001-03-08,-13.940874479451322,28.12045721259014,-20.38420962340401,39.18450964328958
2001-03-09,-13.244761054630708,28.643040427653577,-20.089552685245128,37.70151137223664
2001-03-10,-13.822908724103597,28.70508432586756,-18.221478658575656,35.23733241732179
2001-03-11,-13.505603259820566,28.340173191809725,-17.09677664272414,38.258669025242284
2001-03-12,-12.68254530460758,28.23364809963424,-14.86557108366216,38.99562075572365
2001-03-13,-13.136867289842913,28.395449660530687,-13.211636066495911,38.106228869909216
2001-03-14,-12.97129633147471,28.373700487457953,-12.180111287337098,36.40943086456929
2001-03-15,-12.437685657115752,28.817941793612786,-11.27593958608232,36.12269943467194
2001-03-16,-11.785322571255184,27.95998107790674,-11.704067293736605,34.47694913900938
2001-03-17,-12.750525665748057,27.221038964072044,-12.403912462943232,33.924192385597486
2001-03-18,-12.965472794810585,27.84003280416393,-13.062554193194229,34.85728794329986
2001-03-19,-12.943779291430301,26.391655731170793,-10.907863240036558,34.538730264651576
2001-03-20,-12.1828654370348,26.72398450238039,-11.710064810650888,35.807162939621776
2001-03-21,-11.831764976305164,27.803128620999956,-10.92021721774335,35.59290308470722
2001-03-22,-10.339486821649537,26.544988402235475,-10.098668385736975,35.02213279213444
2001-03-23,-10.128558981869217,27.956476833466795,-8.371512001849403,35.46761200252801
2001-03-24,-9.882177501521213,27.502387986580242,-8.74977063889336,35.33388937431721
2001-03-25,-9.15975101859919,27.64195893039098,-8.402212572775312,34.47586438367652
2001-03-26,-9.26877646879624,27.476124013904457,-7.265696407967937,33.67052216510413
2001-03-27,-9.223868606018861,27.837930900514877,-6.5321586761749275,32.38729080206008
2001-03-28,-9.804224701061568,28.69861745163649,-6.967828249607875,32.19005062576802
2001-03-29,-9.72809338449018,31.06732977757928,-8.23990013785306,33.58654735186309
2001-03-30,-8.955477231235367,31.857860355805236,-8.18485095194425,33.41766715262654
2001-03-31,-9.262511134152234,32.99208109608038,-7.892896709903805,31.45142287390105
2001-04-01,-8.211776885417475,33.01265143675422,-8.219639241438758,31.055331433944822
2001-04-02,-8.580112449938905,32.38104211935499,-7.399077735397465,29.388702011820058
2001-04-03,-8.725063923688296,32.344853983142315,-6.245289410669236,28.983646704150043
2001-04-04,-7.796037220258143,31.66238032425911,-5.817752702067468,28.822935550429197
2001-04-05,-7.3163521410342165,32.2288523303515,-4.351634396445363,29.353024211302227
2001-04-06,-8.30513541089458,32.387640216557905,-4.166837988287802,30.93402880999588
2001-04-07,-7.864697077197907,32.20831968658183,-4.287748905006142,31.221034207049
2001-04-08,-7.840918532075616,32.43110106371134,-5.334027428383184,32.152980590961704
2001-04-09,-9.335437185749866,32.030373650199344,-4.186510448593094,33.07997495907438
2001-04-10,-8.495960226118504,32.32350229162755,-3.798522470096986,32.72322766487532
2001-04-11,-9.413569915244187,33.15821618035942,-4.135887548713764,32.02967456177827
2001-04-12,-9.503796701025209,33.377127477926145,-3.668555776105471,31.425017485953255
2001-04-13,-8.98612952532721,32.67523574068375,-3.999081060785239,32.21998468400825
2001-04-14,-9.347642362871941,34.08883489517704,-3.909377928047893,31.824346695715747
2001-04-15,-8.19450671237286,34.4218884966691,-3.421719992517961,32.84758096803421
2001-04-16,-8.025531639231724,34.68355919347647,-4.2025358319144,32.83857485974855
2001-04-17,-7.700928560632108,33.82694284590937,-2.8134187074763624,33.73265673191031
2001-04-18,-6.8892839738669185,31.93924624332793,-3.823821799809519,33.766676625821034
2001-04-19,-7.697539240530863,32.12080961078784,-3.101266722595282,35.14666936331023
2001-04-20,-8.594887624191065,32.94137231494106,-3.738007893641633,38.606193574222395
2001-04-21,-8.305490105807714,33.17671723603264,-5.659751036652597,39.31813313000711
2001-04-22,-9.011534450521951,32.91313095319681,-5.835578803593024,39.92398080567349
2001-04-23,-9.658505201640741,35.39607348773654,-7.165845563836532,39.59818800094387
2001-04-24,-9.603659387840535,37.111173673462034,-6.527014380667947,39.63091305112131
2001-04-25,-8.801628743055698,36.307209315142615,-6.171081701867986,39.897610855920874
2001-04-26,-8.653937905541337,36.6987703174355,-6.012917014029832,40.13971185806031
2001-04-27,-9.02540052995302,36.81291658355456,-4.906467232783325,39.46161325044726
2001-04-28,-9.436477437960882,38.13053024154311,-4.7245204904113285,40.650670724752594
2001-04-29,-10.362643804213587,37.739358663898955,-4.595898577843651,40.98617008471702
2001-04-30,-12.624182899772046,36.94672415758391,-4.097074884798035,41.97801652623148
2001-05-01,-13.300417157457154,37.596472584560665,-3.35127317067319,43.3354914293494
2001-05-02,-12.777808018227253,37.702826182150346,-2.0126190166573488,42.94037289620764
2001-05-03,-13.152143473571124,38.735818426119145,-2.853290877523855,43.398601923641486
2001-05-04,-13.917796627730212,40.02216338958798,-1.0161123617804442,42.03979228668709
2001-05-05,-13.965686328791591,41.15331095719513,-1.039406423087737,40.28899284526993
2001-05-06,-12.46130656683912,41.10751463967554,-0.5797965075393228,41.029066906410286
2001-05-07,-12.445304927266804,41.54579639414928,-0.3195217224631284,41.326295644899155
2001-05-08,-12.227069016873894,39.764985535988046,-2.2125687877797446,42.916282532187665
2001-05-09,-9.407698117925232,39.58781877204602,-2.7667454961647326,41.84586462811526
2001-05-10,-10.837489232454931,38.529864758265816,-2.477491279867332,42.04612840421268
2001-05-11,-13.069902311593127,39.42030907717136,-3.2334146697283854,41.37293805492212
2001-05-12,-13.985096391441319,39.13422166936725,-5.026447068203345,41.35247299319492
2001-05-13,-13.937282956637452,38.44836917979424,-4.346833270284277,40.45518297188697
2001-05-14,-15.485515671274399,38.259856684757075,-4.486638907818383,39.026372813585134
2001-05-15,-15.499316001017908,38.38786742341606,-3.592530203676018,39.03818702631489
2001-05-16,-16.584072570711246,37.91088642214219,-2.515748010986197,38.03841865800591
2001-05-17,-17.453732675288947,37.686634532937866,-1.4134354497252766,36.0528691410974
2001-05-18,-17.68149595174552,37.39033512352387,-1.924706388494525,36.9718866151372
2001-05-19,-17.89696249830631,35.756353542239474,-1.793454127511777,35.69760653661022
2001-05-20,-18.157322939392934,35.9191162744032,-2.554445470626148,35.39315664854125
2001-05-21,-18.9738814928756,35.41931362870289,-2.407097545171438,35.60090133386229
2001-05-22,-18.637540268432414,36.77853790596097,-2.493154093022682,34.63614855766826
2001-05-23,-17.875802316181,35.118555339843056,-2.170111186479201,35.23613592774555
2001-05-24,-16.39649795364695,33.31116511554342,-2.093692973552825,38.02191112567356
2001-05-25,-16.829643006375065,34.05108590936709,-2.992722476551326,37.40296396525549
2001-05-26,-17.976340709082383,34.14571870312731,-3.3773053605733154,37.19974233550419
2001-05-27,-17.55931701088446,34.8791740453392,-4.620756750175059,37.558037536452275
2001-05-28,-19.898269761073937,36.41662701086649,-4.886644772323242,37.16357657408409
2001-05-29,-20.767426313112846,37.384512769413874,-7.073060784421255,35.55745637310143
2001-05-30,-21.462375233297,37.398002263416,-6.819690783223964,35.63975282413894
2001-05-31,-19.703729290669195,39.06521529026682,-9.258659749892864,36.93493823000504
2001-06-01,-19.197697776335662,39.69725866177948,-9.352866654146785,35.07967329202265
2001-06-02,-17.87117372476697,39.90995369481591,-10.450728055492108,36.34655996934069
2001-06-03,-18.322301913003955,40.82426023544947,-10.15454234321168,37.04182087946466
2001-06-04,-18.432194223876564,40.85367770884374,-8.901000982361735,37.61881649959047
2001-06-05,-18.38723082374728,40.130679193980626,-7.4931123192849185,38.51714038671815
2001-06-06,-18.572034766990875,38.155161800942736,-8.969253965956135,38.13316761986535
2001-06-07,-19.370352253452694,38.6185325849819,-8.075486122999182,38.53920363074261
2001-06-08,-20.80906873985039,36.5033759142465,-9.187978083790181,37.12740755142378
2001-06-09,-22.10261329442053,37.32780614589217,-9.039190653224669,36.355024852574076
2001-06-10,-22.24044662492981,35.62588859473037,-9.507496588123649,36.302434367376755
2001-06-11,-23.129389724723428,33.68994982276607,-8.79375225737621,35.156574006555914
2001-06-12,-23.071403122198284,35.583419677688845,-7.654202605253917,34.062821880731775
2001-06-13,-23.975750805625296,37.49457688696078,-7.926136888927645,34.489087952487935
2001-06-14,-24.823448746196778,37.27567314373506,-6.52504397331971,33.61197066428478
2001-06-15,-25.24047454546013,36.78095326915652,-7.043011338281351,34.66593444053497
2001-06-16,-25.61809337772647,39.079539409360635,-9.613328700021496,34.56338891999727
2001-06-17,-25.514628265314396,40.10858258837834,-8.97457626491032,33.83565212747101
2001-06-18,-25.29218934342946,40.30138496805032,-8.293713384248965,36.09883309839984
2001-06-19,-25.58724520570133,40.76540614311133,-8.313809484597693,37.909109737247974
2001-06-20,-28.04213301607685,41.21797959831524,-9.87552094824699,38.441201196787475
2001-06-21,-27.36715924657112,40.70698597886221,-12.350234999543082,37.18577272517802
2001-06-22,-27.52293420148348,41.67698452701009,-12.758280353576952,38.33617962083198
2001-06-23,-27.22142176409588,41.68424339530939,-12.184959233493233,39.06875991398664
2001-06-24,-28.51976611185098,39.307728093030875,-11.297392154635148,38.23881577963014
2001-06-25,-30.365326210484703,38.218131204608575,-10.152463175125876,37.48099961096867
2001-06-26,-28.867550514433468,38.976303425247806,-8.877689346051989,35.55664519928067
2001-06-27,-27.729785734356057,38.48977607903176,-8.633693604602154,35.18372911600028
2001-06-28,-28.39698515155116,38.224634618402355,-6.900813038206385,34.28950995974779
2001-06-29,-28.134492079542152,38.618418626130094,-7.197490375082058,33.90021139637392
2001-06-30,-27.970736097229068,38.002472301665534,-7.0119094587204165,33.347245473801436
2001-07-01,-27.37178313521026,35.57487477154154,-8.165713906555943,32.5729652534837
2001-07-02,-27.14020101547639,36.0307804536355,-8.462521553777572,31.88621895523942
2001-07-03,-28.357000986756226,34.40872614632801,-8.49623052628877,32.37943031751459
2001-07-04,-27.468454035559645,34.38761014818161,-11.134040454465552,31.500769659944837
2001-07-05,-26.870047229670288,34.57529175401913,-11.51952002512524,32.57952650955968
2001-07-06,-27.88555010338321,34.350189393224696,-10.927902212953686,33.00379593281711
2001-07-07,-26.44246593580212,35.565466480670764,-11.660394612049782,32.162131241408936
2001-07-08,-26.834649754605916,35.1054658013638,-12.209464757421609,33.301283160663864
2001-07-09,-27.08056970344934,35.22233062136126,-13.837810172282543,32.909161784035504
2001-07-10,-28.15101407210738,34.538366028197416,-14.976166202888486,32.213507251634184
2001-07-11,-28.538888056729668,37.47051780666415,-15.48665543727613,32.07606689619433
2001-07-12,-28.887279080147877,37.35041988335429,-15.690907822628766,31.217696097545943
2001-07-13,-28.69624298699846,37.3653378074673,-15.937067896536368,32.406872552549544
2001-07-14,-28.641295415480162,37.30354983350295,-15.556635910946495,32.89081797575991
2001-07-15,-28.870482458653388,36.940464930266984,-16.268157331182834,31.01073444042879
2001-07-16,-31.287052604324174,37.18514942725928,-17.083190992595018,30.198319460587136
2001-07-17,-31.864997675003785,36.171025751352545,-17.088891676976555,32.22636249306782
2001-07-18,-32.11388583746035,36.66215826464097,-15.965323715389735,31.960289311587985
2001-07-19,-32.34460214333645,36.98131187038508,-14.318026464030728,32.17300231255269
2001-07-20,-31.9661685532371,36.48449246938297,-14.094001635211749,30.743962274048926
2001-07-21,-31.051291052095422,35.572007924793695,-15.231152592296695,31.01758546864938
2001-07-22,-31.407360965743482,34.53700653855908,-14.802059838861666,30.678880890841256
2001-07-23,-29.16124809978356,34.57594882431964,-14.679256804894546,31.060368521299964
2001-07-24,-28.867690570241752,36.04573645137681,-13.538845749067194,31.335060016612665
2001-07-25,-28.823978618415104,34.66728262024348,-14.1095908771248,30.24349868935159
2001-07-26,-27.84033081636652,36.703631538720884,-13.43875126452706,29.21846972621104
2001-07-27,-27.713696044987294,38.330463827156365,-14.606246832946486,29.005884371634636
2001-07-28,-27.727104403321434,37.309156694222565,-15.29383972098412,29.37981870625738
2001-07-29,-28.946880801118173,36.968394635868194,-16.555221942630613,30.206109597470906
2001-07-30,-28.830752168887848,36.08325147689326,-16.233962714429698,29.33741779259626
2001-07-31,-28.49404454347159,36.18888999765678,-16.270014338311963,27.75289850529715
2001-08-01,-28.23281024067917,36.53522797652339,-18.75122791518561,28.267553497743556
2001-08-02,-29.385960241282998,35.32262328725888,-17.054614786372994,31.21360939355902
2001-08-03,-27.92375849267895,34.165041893711454,-17.299895707584998,30.781562276062484
2001-08-04,-26.70216763252429,33.60108157600785,-17.761595452788516,29.13975702548929
2001-08-05,-25.0448835939474,35.16038384355985,-17.139610079824877,29.718968374418218
2001-08-06,-25.746452323185082,36.3256280854294,-18.14340045418942,29.29621996361295
2001-08-07,-26.9361923732433,36.79280618884384,-17.854882975325147,30.155890027981933
2001-08-08,-27.39616865388545,35.20132397708794,-18.05307091401911,28.623825314493928
2001-08-09,-28.230963146025985,34.80956799926719,-15.920810926583071,29.85402598330742
2001-08-10,-29.788161041486294,34.15568964921667,-17.067275328991258,29.710943850850548
2001-08-11,-28.443393586555402,34.58133845789329,-18.370601101169342,29.934989776739595
2001-08-12,-28.45170628289683,35.46071934439889,-18.28869136298414,30.48673558051996
2001-08-13,-29.4002858764179,35.33372596299604,-19.15169738964542,30.31507995460358
2001-08-14,-28.965153863956544,32.65275536130551,-19.65838122719297,28.105680592818963
2001-08-15,-29.20916462856535,33.75517325691786,-18.392985143780034,28.368310104849964
2001-08-16,-28.474216560176252,34.51821265433908,-20.56994899911472,29.123311727513652
2001-08-17,-29.25976695440183,34.94097099003811,-20.683076267999372,28.793660601646124
2001-08-18,-29.50596901317184,33.50312632281273,-21.00625135590988,28.26242519939445
2001-08-19,-29.016500308120982,31.865913727991945,-22.000349547009385,29.15039284701832
2001-08-20,-28.082185138451937,31.87313316953695,-21.7753223591298,29.068689036531016
2001-08-21,-30.741726087710155,31.516140697215224,-21.118065905501023,30.070115613442344
2001-08-22,-30.73602666917812,31.132324663165136,-21.69504646355097,31.941785303022346
2001-08-23,-30.415857465332145,29.427914428869,-21.982409025265884,31.98266829091303
2001-08-24,-29.04210931086232,29.643776162132163,-21.351535469676605,30.976895539730144
2001-08-25,-27.329984138711076,25.809719763098762,-21.05487132976019,30.541323957218374
2001-08-26,-26.468342609975746,26.189323979129245,-21.851824114086135,30.401932721643135
2001-08-27,-25.789349681017704,24.032013622207756,-21.64882545953151,32.02409329319321
2001-08-28,-26.114117593080593,24.080405266721872,-22.258467667915742,32.18350342149131
2001-08-29,-25.96781356741869,23.11544140269639,-22.56388926521428,33.49050992166872
2001-08-30,-25.93317498684733,23.890093546679434,-23.866793206561407,34.34225645553109
2001-08-31,-26.18122197445352,24.317799650851114,-22.24297952374003,34.233992169892765
2001-09-01,-28.12450685760966,25.916058953649426,-21.901667002552802,32.86939391034118
2001-09-02,-29.156590266305376,26.801072533229227,-22.023034118679018,31.66766381482877
2001-09-03,-28.193582861369414,27.624073643477754,-22.168582862465204,31.80046779674896
2001-09-04,-27.666619681726544,26.23204316734956,-19.51348046840192,32.06513270795985
2001-09-05,-26.913758471376028,26.25614219245063,-18.991982527949595,33.94633659500843
2001-09-06,-27.492704604959137,26.71300554590629,-19.575533990913524,34.031291030158656
2001-09-07,-26.613952476896227,26.024400079688164,-18.078912195238562,33.5361212411738
2001-09-08,-26.56988827783854,25.35743276825093,-16.303577743579687,32.21285397928289
2001-09-09,-25.58128705788157,25.33426003373111,-15.439609206697478,33.432378199887516
2001-09-10,-24.515903892724968,24.789177145900453,-13.229577814445346,32.44918140167688
2001-09-11,-24.476255081351496,25.902777063362084,-12.614511809764897,33.1176317788339
2001-09-12,-24.798451873564968,26.68122552328273,-13.380767321404406,34.497080698129686
2001-09-13,-23.553708934811695,27.0431347610635,-13.289317902022225,33.68440547169601
2001-09-14,-23.85475079564878,26.335088188380347,-13.654392991516161,32.27510270731353
2001-09-15,-22.992746994256112,27.510877842856036,-13.697172905540649,30.368957086665247
2001-09-16,-23.554854875713918,26.533582489933313,-13.55341941060843,30.508710984157997
2001-09-17,-23.333217878607375,25.82331224579564,-13.606517939900721,30.54116125113432
2001-09-18,-23.24245148973265,25.120272559945718,-10.832405510857704,31.522798668167354
2001-09-19,-23.20945477314049,24.363951433154952,-10.19267610888378,30.793462696176796
2001-09-20,-22.3750701839225,22.36792733282646,-9.7701938014452,30.20742400203924
2001-09-21,-21.97065525630962,23.20796598934328,-10.05482683749984,30.24436076721116
2001-09-22,-20.24731275660781,22.582506162908643,-11.123489600639182,30.414266314649318
2001-09-23,-20.32843584971481,21.42725843645358,-11.058655881011289,30.299736072865546
2001-09-24,-20.035973070965404,20.06491754653829,-13.256373917900989,28.98919058049073
2001-09-25,-20.024784052680033,21.568604937377113,-13.283396629531357,28.638122751565326
2001-09-26,-17.299413617176675,21.60525288938031,-14.024447621982414,28.14189568502057
2001-09-27,-16.508375412781557,22.5972318687684,-15.288051170159562,28.03130869205629
2001-09-28,-17.28473667183474,21.82430694690113,-15.929567016592744,27.6309826244341
2001-09-29,-17.287477274643155,22.139950140656307,-15.482124740366938,27.476100107257313
2001-09-30,-18.35329041507868,21.293432032592214,-14.49684404184186,27.02763330884112
2001-10-01,-18.864538323217708,21.711876106791326,-12.849601034745524,26.54344067127496
2001-10-02,-17.870965803810424,21.574577849620457,-13.211504107968569,26.047385859050888
2001-10-03,-19.00089947907929,21.019202998876906,-13.809360098797994,25.8328409011568
2001-10-04,-19.479921405271792,22.46596673028178,-14.88436429670866,25.92983914342956
2001-10-05,-20.210713370708437,21.810956426896237,-12.990917369014948,26.554205635191387
2001-10-06,-19.32607372611979,21.273413675342386,-11.55570030322237,26.24602875655687
2001-10-07,-19.330171080910414,22.086434340446775,-10.371077288120834,27.58619442101685
2001-10-08,-19.391564375936145,22.281081810727247,-9.107019327290619,27.57490342845107
2001-10-09,-19.22459270111871,20.343458143079133,-8.14625897251711,28.5153282374208
2001-10-10,-19.253822516341728,19.168473725452465,-7.2733982249756,29.761221857753743
2001-10-11,-17.828206303309393,19.04426014914623,-8.497892486996058,30.121664134098346
2001-10-12,-18.242320110552054,19.19903577100594,-8.041709888664014,30.675272826075375
2001-10-13,-16.182722531860765,19.65513585845448,-8.23800418500818,31.45924057387621
2001-10-14,-14.55143454660521,19.20159823543423,-8.863559176579853,31.409996701101985
2001-10-15,-13.763851134071045,18.4309473706714,-5.601585710742465,29.338050409724744
2001-10-16,-14.019536975581142,19.092325246459833,-5.791073060841788,30.182252849292745
2001-10-17,-14.580981975793382,17.455442252753386,-4.9940601859630185,29.07922159974881
2001-10-18,-14.753875356848992,18.941198411382334,-4.445192154135226,29.15968857833181
2001-10-19,-15.021201062082032,17.82250742298292,-6.391579340468148,29.765143543049092
2001-10-20,-14.558927146461949,16.97855822608975,-6.967243910795173,29.31367679672594
2001-10-21,-14.56369661254271,16.055142285850607,-7.0343743408918105,29.816296437023283
2001-10-22,-13.64654044894205,17.42279053939993,-6.647837762313451,29.65061892637816
2001-10-23,-14.739619510990586,17.719563844108436,-8.171264552299792,29.225896341837124
2001-10-24,-14.665758452781725,16.942358229265054,-6.360776740538358,29.03229851148791
2001-10-25,-14.908120093730878,18.58678244699117,-6.124567134728851,28.97246552809093
2001-10-26,-13.966942254553159,18.60237788762921,-6.1582689075897905,30.9343729922944
2001-10-27,-14.714459950258524,17.886553987820996,-5.650265405531979,30.04638630505554
2001-10-28,-13.916667923101842,17.028177106315407,-3.716828640409937,30.227725519330903
2001-10-29,-17.393344342224317,15.973696646070785,-3.9180474937656915,29.752848501110222
2001-10-30,-16.943456773289267,14.782712994741564,-5.8216396644629675,30.056498632459235
2001-10-31,-16.569207550821492,15.91851915578761,-5.589672285780929,28.716870717543372
2001-11-01,-16.75291642438599,16.57996324961843,-4.510121460566728,28.691704258563462
2001-11-02,-15.374580108976643,16.394193370477442,-3.6047420901534615,27.700027552713028
2001-11-03,-17.071821915239262,16.135851294811896,-2.8749484952002344,28.72369706320025
2001-11-04,-16.575109112869132,16.618187078428818,-3.345995072979193,27.127696978878678
2001-11-05,-16.886270262904468,15.850378839558871,-1.925622118620302,26.180116929236316
2001-11-06,-16.860085681192288,15.72444920779645,-0.8396530450455653,25.011935913798332
2001-11-07,-15.404424113897404,15.768834942049688,-1.459053989750541,25.608579385223752
2001-11-08,-14.840639973302489,14.748174632165085,-0.3966593198105357,26.216860493236346
2001-11-09,-13.77596678404835,13.498352468162848,-1.802477361146688,27.499057445415364
2001-11-10,-12.459985787595729,13.738968693276444,-2.7252240899447893,28.559886516704594
2001-11-11,-11.136139191273658,15.313492340040865,-3.8535667470889643,28.801768885151347
2001-11-12,-10.172562529625846,15.129604898823553,-4.712135070196869,28.249013197937934
2001-11-13,-11.062437207259336,13.793352427715556,-4.27885471235901,29.46449321196709
2001-11-14,-12.262659837697647,12.557553515447268,-4.894012112978752,28.21117615261288
2001-11-15,-12.035135732989321,11.59113534096672,-5.093481118508849,29.478271340548392
2001-11-16,-10.86872239024703,10.47511255810543,-4.474401451021748,27.389862928310528
2001-11-17,-10.504627233126428,9.429170085915699,-5.657367074705985,27.245087166862145
2001-11-18,-8.677115299287516,11.347281648472539,-3.649362273780354,29.357194966096746
2001-11-19,-9.176566358616455,8.706307814817599,-3.2920566895443746,29.240767028862358
2001-11-20,-10.313265424253707,7.542022504559658,-2.1433750618411143,27.301522318558213
2001-11-21,-11.569827191869274,7.6480196708020145,-2.3149157083399046,28.155447175907373
2001-11-22,-11.788224705768364,7.877544719626962,-0.013430226481832008,26.93378181536677
2001-11-23,-12.470923066102213,6.2961388522399275,-0.3198292420200644,26.978009404453495
2001-11-24,-10.930432194562577,6.602651154444803,-1.7559537383977524,27.468935783527847
2001-11-25,-11.432834405048384,7.617048629739824,-2.1540655193533964,26.81647860666304
2001-11-26,-11.601998297300957,7.069190138276616,-0.9036287556085663,26.652697634331183
2001-11-27,-11.029408149924292,8.131599353153264,-1.7260366608232967,26.891632665179056
2001-11-28,-10.427578537152602,7.892849125787984,-0.9930260885550691,25.49604513092205
2001-11-29,-9.458974563172369,9.495806637752846,1.360515367835223,24.974025208195506
2001-11-30,-9.842366239318876,9.98795395005368,2.1608515865205558,26.409126793849957
2001-12-01,-8.767255485441066,9.82563296923883,2.115090299076832,24.909191238058092
2001-12-02,-8.504192176616046,8.874589668283258,3.9104163122103572,24.588083362052814
2001-12-03,-9.985747051244129,10.141303912059177,4.836083024240653,23.96606964728082
2001-12-04,-9.786489276209203,10.103865234469914,4.556687969297088,23.31802272949372
2001-12-05,-9.4893523020109,10.316642250837118,3.1854099938613225,24.745211802600345
2001-12-06,-9.497492232581061,10.384891328480064,2.969040044430204,25.084604208210756
2001-12-07,-8.156620959713234,10.226191105200794,3.7532225081514925,25.87444957886678
2001-12-08,-6.7641115985315885,9.017049488596653,3.4528453006677653,24.340172384270673
2001-12-09,-6.472455794351669,5.792133918173219,4.806619312168015,25.529609479262064
2001-12-10,-6.448199956151242,5.508203929553196,5.967838288318617,25.049364344916707
2001-12-11,-6.420109571759706,6.367834366174355,6.553122903096082,25.13843522776473
2001-12-12,-6.564704580091162,6.751581079939577,5.951460794850739,26.19517508069145
2001-12-13,-7.343197291845858,7.425608197733385,7.517719209743322,25.96163928290066
2001-12-14,-6.162570486115912,7.963099221052553,6.863417686320832,26.11931236321549
2001-12-15,-6.838355888385186,8.986113764935983,7.4388571433300665,25.366892409945077
2001-12-16,-6.49948802505292,9.536232717003642,7.009920272206414,27.056350239000576
2001-12-17,-6.993997384471345,10.551472908967847,5.830987269307853,25.60039708921851
2001-12-18,-5.843592890429551,10.172890733438395,7.1299733570909165,27.429645921847314
2001-12-19,-5.37398873323583,11.13199351381112,7.090397867834338,26.879378508881455
2001-12-20,-5.483794777409032,11.944153277566855,7.980171563913549,26.352692636850083
2001-12-21,-4.4149533160888055,11.72572152331856,9.347362613817667,26.16917788172058
2001-12-22,-4.2814006623162255,13.070049646861108,7.906247612096715,27.790636152964936
2001-12-23,-3.950720910093873,12.776310791708834,5.720161327318698,27.850353814336795
2001-12-24,-4.294465718492569,13.661092161594004,4.33785314267495,28.889316446720805
2001-12-25,-6.384868916803271,13.889650027939359,6.363930716822404,28.6084459478215
2001-12-26,-6.404864302863157,13.115739130256394,6.865051213994238,28.511431975460866
2001-12-27,-4.729834588922916,12.470126623661034,5.850215422848872,29.50407931214716
2001-12-28,-5.1311549830892496,12.702792881930979,8.322861667696086,30.558735180323414
2001-12-29,-5.475469693812524,12.668118568107616,7.541065435744821,29.709796605531903
2001-12-30,-6.473033614351524,11.618046178775812,7.0580050691602025,30.448403560215436
2001-12-31,-5.7378897564991105,10.600171204780269,8.144697911534738,28.534001381990365
2002-01-01,-4.966570778259705,11.298727331457178,8.100367762197953,30.532604902098953
2002-01-02,-3.7417206057067096,11.44131985936423,8.39717551411876,31.220136681231065
2002-01-03,-3.006136467473,11.237965074470376,8.455304387172937,31.355959236569348
2002-01-04,-2.6011976125074225,12.090590171869701,7.232139569080882,31.09505067260919
2002-01-05,-0.9030231035259755,10.170168539564695,6.87203458830508,30.404215941220215
2002-01-06,-0.3036820767208688,9.59871533914048,6.5340406045363615,30.45144404695233
2002-01-07,-0.2529648043048594,10.967699307459096,6.331251192762056,31.81475374571993
2002-01-08,-0.9268420303490092,10.604116750647648,6.071665638708095,31.20592754354278
2002-01-09,-0.5374509364604874,9.728917697101405,7.211908518606793,30.329036627145715
2002-01-10,0.6361109185525704,8.811694515845925,8.24764962512797,31.045297814735335
2002-01-11,0.7954092111003409,6.565465506523546,7.045632563860748,31.088940648208563
2002-01-12,1.8826782668933593,5.059796373619344,6.953055945654684,30.938739990617474
2002-01-13,1.018263204130947,3.2328654338521448,6.421969072523062,30.729239638291585
2002-01-14,-0.09898550639818016,4.039137896408562,7.2850404202508425,30.487025163487086
2002-01-15,1.4561955526094141,4.316563323530728,6.347807900968269,30.385044986248378
2002-01-16,0.15536681228800586,2.239969463601972,4.134160772433091,31.392582801221973
2002-01-17,0.5526688502386485,2.088826125117121,5.4681031186540485,30.157311060267254
2002-01-18,-1.1142470950103696,0.9895622932740107,3.9117309246046994,31.855871804328213
2002-01-19,-0.8576908101014649,1.359246941932308,3.4463029344797143,31.39133320275609
2002-01-20,-0.675252410349108,2.3159130283912774,2.403927058451404,31.541221442653168
2002-01-21,-0.7898320644352419,4.135351386853619,2.4629385878302332,31.9420226209715
2002-01-22,2.1273291006785566,2.681981184684978,1.4605733120194313,32.33949768586784
2002-01-23,1.3788383865089182,3.342978773893029,-0.5731278579040993,30.66642057115786
2002-01-24,2.850256104580345,3.0909316899402146,-0.5272434290128679,30.98697877583132
2002-01-25,2.4406212087360344,2.93697350964339,-1.5161216273602967,31.05243281221255
2002-01-26,3.0428879231691486,2.5055031482582777,-2.1406708844856794,30.683725815750165
2002-01-27,5.024700131220495,2.6763826538219333,-0.18730872790816466,30.315883610833165
2002-01-28,5.548491105282798,2.8398869917917753,0.03153894072671626,29.757325936040136
2002-01-29,6.150514754084561,3.263014699740596,0.6535064213135676,29.186857719723495
2002-01-30,6.1533733952220455,3.437403474923027,0.634898284590293,28.699537247917874
2002-01-31,7.375177823734245,3.2759245392484413,0.4239768133938011,30.292780866732926
2002-02-01,7.714889754050017,2.740038114597991,0.11459887784601785,29.324931401615025
2002-02-02,8.272180114396834,2.068345752485185,-0.8583491178872509,29.998911162741113
2002-02-03,9.24397099369816,2.4600912247991555,-0.25931637266009366,29.83131952401639
2002-02-04,8.673151726370422,1.6785547308529647,-0.20388151058846415,30.117079776216457
2002-02-05,8.752990451840656,0.7495181960490107,1.1877524512485464,30.699993746589715
2002-02-06,8.180273600381023,0.8521385955753551,0.8834437006403544,29.205853783635554
2002-02-07,7.989339341472211,1.284455101811122,0.6584840721215,29.88468413341666
2002-02-08,7.876728946321019,2.2291939568907417,-0.4993865713632215,31.656826239103026
2002-02-09,6.741088193105914,2.091372971021845,-0.18227142469710628,32.10014318127823
2002-02-10,7.914456413908556,2.311020431549345,0.3565292475844322,31.030468489984138
2002-02-11,6.883832774821208,1.6391329973693263,-0.03732581405298596,31.085257916401662
2002-02-12,7.015135884644121,1.5392198577451741,-0.5746914613221856,32.044118246483485
2002-02-13,9.321700228534903,2.4548778101592497,-0.01208683617313211,31.784036210423924
2002-02-14,10.138061308575304,2.2637371375152044,-0.47958155006703024,32.75848294235627
2002-02-15,9.634040270671372,2.6635345662638468,-1.1503394059692271,32.927077175701626
2002-02-16,10.903017080231098,0.5034114652835417,-0.7575986622432794,33.779031926947745
2002-02-17,8.223213028168283,-1.084255449442665,0.5239360795973057,32.789422554528606
2002-02-18,7.5916478537218754,1.2538554875772823,-1.127961982962721,32.43383036370023
2002-02-19,7.257269727089397,0.7839530661748764,-1.148851876364352,30.98540825379978
2002-02-20,6.747498874564605,0.5980172796677123,-0.9048614743007136,31.880399924478624
2002-02-21,5.047516938012938,2.1081327777112913,-2.09396547876944,31.413294071074464
2002-02-22,6.032471125198217,1.0095713318172115,-1.0526675097552007,29.738886497119164
2002-02-23,4.857330012259992,0.8395207405157505,-3.2133911142069826,29.52762509438217
2002-02-24,4.807450912002693,1.492204879573279,-2.0728453232713875,28.634116014506425
2002-02-25,4.207448839771068,2.0622379510931754,-1.8166882035221434,29.39631975628252
2002-02-26,6.02300035854964,1.7273187079651733,-1.9555980987195583,28.67697639408411
2002-02-27,7.004116129648149,1.563857770829991,-3.782035191532647,29.847783964627645
2002-02-28,6.479045522791607,0.7056834665050437,-4.019419525967537,31.8648830844768
2002-03-01,6.733727979751041,0.9232197191018501,-3.524971293537092,33.16982642592249
2002-03-02,8.393216825030612,1.3590211608532619,-2.625760579779527,33.433075661853714
2002-03-03,9.046015671909302,1.8727915837578586,-1.9374469830052274,34.06669975236384
2002-03-04,9.62942612222054,1.461749819431684,-4.051951451107759,36.14168223040811
2002-03-05,9.166896329415145,1.4365671064171415,-5.038584980770577,34.93050279762662
2002-03-06,8.686286731261788,2.5529227749724335,-4.707513599340396,35.61334584442638
2002-03-07,9.053341518419876,4.273338740439128,-4.940913287156322,35.18621165499188
2002-03-08,8.959620651454115,3.4780224368260373,-3.0281084452781055,34.75539849923905
2002-03-09,9.495153061898844,4.144647619724206,-3.9369598153739074,34.31319093124175
2002-03-10,10.71693835392572,3.8155925932259143,-5.407421555364931,32.738988493480704
2002-03-11,10.862691768995377,3.2561109494729927,-6.32141818046709,35.14597673911804
2002-03-12,11.37117430273942,3.04215176473714,-6.217889046234044,36.479307963692946
2002-03-13,8.380684973090947,2.298964538690877,-7.7747138259090605,35.117551217853695
2002-03-14,9.615677875132809,-0.17457512204872971,-7.814998793765324,34.80611902551039
2002-03-15,11.209390872854563,-0.003268289290516424,-6.67509145143173,34.28152663471386
2002-03-16,10.579589183703005,-0.12113317699983744,-7.297873468711509,33.58895321395956
2002-03-17,12.739415576816628,1.4563453950066552,-7.698752444845111,33.39178257033148
2002-03-18,13.629319743367924,0.47449416319392224,-7.572648082120067,32.3026563228989
2002-03-19,13.721911955277692,1.206895228947053,-7.842587974375301,32.105159652776614
2002-03-20,13.334511984793005,0.7333828518351211,-8.120636590514371,32.11293902160392
2002-03-21,14.576307962364469,1.4088800530281556,-9.525820214832008,32.53682049932502
2002-03-22,14.539261274347973,0.5896173345452389,-9.106414920452599,31.772607798187806
2002-03-23,13.195839774809013,-0.4416502897819268,-10.48151603439226,31.579047224484967
2002-03-24,11.429729972092156,-1.8366440440430718,-10.678216702060574,33.0554427237011
2002-03-25,10.714042223883768,-3.945195657606072,-10.386923525547202,33.3709799774716
2002-03-26,12.735797467279102,-2.835195002141659,-10.623308832035464,34.00979655532479
2002-03-27,13.295693287103509,-2.1327092839171042,-8.402857266845988,34.09624287535077
2002-03-28,13.940993497931219,-2.0962095224352213,-8.01521835271264,34.70871709212781
2002-03-29,14.713336600354541,-1.9778299302480922,-8.628547455344613,34.074824633984825
2002-03-30,16.165806442382273,-1.0492257043629247,-10.81987084504872,34.85541681288083
2002-03-31,15.268671695337716,-0.5273791928083028,-11.260617554146727,36.11562893405139
2002-04-01,16.916149758502034,-1.93648198902167,-10.744911093931083,36.20652822582895
2002-04-02,16.670859666987813,-2.6140042991221835,-11.203517638539155,36.29966371528157
2002-04-03,15.600393207382462,-1.2809179244284872,-10.29648214600803,36.724680445342415
2002-04-04,15.928841014401627,-0.7098245124931237,-10.677574206085211,36.31454292587383
2002-04-05,16.1379337569637,-1.104202259611076,-10.572539054318488,37.27194617806256
2002-04-06,15.31374146403311,-0.46530269183547013,-11.637679982501783,36.67533483944756
2002-04-07,13.547916949979609,-0.6358676741228744,-10.752262330530117,37.1930718506358
2002-04-08,13.078086133218756,-0.8355866567657397,-8.94706385193162,37.955699632981776
2002-04-09,13.448282026486098,-0.7287005664769153,-10.19442611906446,39.196877542549935
2002-04-10,14.165622777036702,0.1914239107883421,-10.240173845432823,41.316267538082535
2002-04-11,13.7537227354835,-0.49382510590719764,-10.097030153476801,41.55680075864007
2002-04-12,14.861318533632351,0.4646229188833678,-8.821760251921173,41.84329062202701
2002-04-13,14.706668182398554,1.82380213030013,-9.038025705795087,41.15341285844496
2002-04-14,16.94581582175187,3.625032378861576,-7.631121680347595,40.49240343518554
2002-04-15,17.32327516583567,2.8512671914935184,-8.979316149677286,42.029914916501525
2002-04-16,16.586215925857093,5.451124865055222,-9.433768439163874,41.54736501989707
2002-04-17,15.88209278335221,4.502352928507822,-8.053094947197113,41.11034883679967
2002-04-18,15.34948333082482,3.9419175770513686,-8.506938112244319,41.85989972363873
2002-04-19,14.470179634164943,4.476843323977604,-8.042524261272266,41.81063169285517
2002-04-20,15.124013905296877,3.5959748599594623,-6.35528610787077,42.99853206233751
2002-04-21,16.008788743243244,3.466377618863196,-6.5574330168032775,40.456746985893204
2002-04-22,14.361126175366499,3.420091071075522,-7.23807226863003,38.2934954717856
2002-04-23,16.01370409506644,3.4903244204132156,-8.436762409217836,38.715534706376374
2002-04-24,14.966386899605453,3.3843338713149724,-8.599414848123256,38.3973510188174
2002-04-25,14.890710488937703,3.6059393174394336,-10.154114927502306,38.01929657712978
2002-04-26,15.505850391443897,5.386648762281551,-10.482666146545872,37.24499011816748
2002-04-27,17.51598294014915,7.2905986279661334,-10.3047536702782,37.23340121232156
2002-04-28,16.213234133116995,6.160112432889096,-10.176760793553365,37.502536757010965
2002-04-29,15.169486185403695,5.514428517336621,-11.360649039107,38.44834185000315
2002-04-30,16.71488817589628,5.134520997172828,-11.325063308488987,38.442912780169344
2002-05-01,16.656849450057,5.214066039619814,-10.192241243980279,38.018802179337214
2002-05-02,15.931337781728129,5.223843340022284,-9.5819552924306,39.549300262696256
2002-05-03,16.883818506122307,5.4618489949527245,-9.954175993570066,40.224470131287184
2002-05-04,16.187598876744303,4.404686238489406,-11.483696485214349,40.447450548239416
2002-05-05,15.851668846950682,5.092729694148911,-11.10242517825994,40.32613730695485
2002-05-06,15.097042892598065,7.268258290216197,-10.38517372143541,40.93374319905093
2002-05-07,15.800552527304186,8.681275109200945,-12.633947868397584,40.239677871058795
2002-05-08,16.566638435433457,7.062629335349515,-12.844846187328105,38.71089887329657
2002-05-09,15.744148997641718,6.1753935406043245,-12.449804753944814,38.707255484799255
2002-05-10,13.69610109068202,7.041559687803275,-11.527923760357266,38.61156052278368
2002-05-11,15.257725052260904,8.361420887001893,-10.106264565221156,39.685497631909385
2002-05-12,16.14501783170108,7.511566593134155,-12.28303448216358,39.90915892094205
2002-05-13,17.012600719968297,7.066339728784315,-13.805462326741594,38.69657627023589
2002-05-14,16.88515896573482,7.5525864179242355,-13.115362455600517,37.533007074831296
2002-05-15,17.292013844857724,7.48967141627994,-14.564971189516479,37.283824007270276
2002-05-16,16.743474806846837,6.246858787751739,-15.19505816752631,36.8257607831529
2002-05-17,17.280495587248524,6.47992737555577,-14.662917298418373,35.91149096535241
2002-05-18,18.12534814167602,6.910099079003467,-14.612648879279105,35.11242307901397
2002-05-19,20.529886716631648,9.100353339163552,-15.04452866310916,34.99829266948913
2002-05-20,21.254463258934813,9.212620231144786,-15.974004708660578,33.4156730536247
2002-05-21,20.568989787617067,10.462282047245735,-17.77101006983191,34.255252172485186
2002-05-22,20.989764185630968,10.64800418150956,-18.85837004214813,33.61573351076693
2002-05-23,20.026074191190425,10.633241463228606,-18.435473231313054,33.04592892962119
2002-05-24,20.698178880531653,11.96451755884659,-19.160954144062156,31.300647900895992
2002-05-25,20.741174223265975,12.50328324510252,-19.7582169613757,32.00813128891388
2002-05-26,20.206126068211024,9.426243243633659,-21.680586631280395,31.779807704650377
2002-05-27,19.97760985779729,9.381187908694098,-23.614502066253607,31.734791214549123
2002-05-28,19.01088196553852,10.18019782544636,-24.6847888417618,32.194849928329184
2002-05-29,18.53360097279139,10.545510274462513,-23.59952172579128,29.496023052057158
2002-05-30,17.98133113170989,10.717500343121038,-22.057134433122283,29.045248227233998
2002-05-31,15.03325468584321,8.380938587252695,-22.01423209174386,28.33686981704866
2002-06-01,16.257360706679563,9.052068817237341,-23.162819440013013,29.36556895771708
2002-06-02,17.920404398552865,11.222334237172081,-22.501481003579947,29.19029612058048
2002-06-03,18.3248275432739,11.177866348398217,-23.50344898807473,28.729650014894677
2002-06-04,17.90524434481619,11.320844449621807,-21.43055413845556,28.787162612811514
2002-06-05,18.222813014987413,10.915022062492678,-20.949225939351294,29.635777547172573
2002-06-06,18.36430135092676,10.568722564863506,-20.801138017067096,29.923724825333682
2002-06-07,18.01497137166464,10.183104949082441,-22.488451192262513,30.074410672354425
2002-06-08,18.44872315466416,11.69792133344966,-23.545352317288582,30.19173278782317
2002-06-09,18.057633561630162,11.390560372832297,-22.447986180532887,30.009065249027667
2002-06-10,19.077817270825445,10.478614162958536,-21.78548813294835,29.937147668841487
2002-06-11,18.275955994312973,10.593545668833318,-22.287379454082025,29.3034296886981
2002-06-12,18.024940478690493,10.532963778007217,-23.196378136037,30.108562472812636
2002-06-13,18.276601026448617,10.664891365523227,-24.02176119805045,30.135177738821486
2002-06-14,17.464122454993348,9.28557579447791,-23.588114875669863,31.926944525635705
2002-06-15,17.558250707028826,10.406537290429373,-23.207017126289173,32.24876828439449
2002-06-16,17.947048307780893,11.7153275706202,-22.65808901514744,32.27306742464191
2002-06-17,18.95812810158568,11.595409373625932,-23.028591275462244,33.09037108032371
2002-06-18,20.249103936705616,11.849126185306172,-23.329512877972174,32.31053574919103
2002-06-19,19.49011499673628,12.748075542752394,-21.4316687036822,31.42071115750016
2002-06-20,18.60642613567861,13.171336328297354,-19.389483067349957,33.24906333337293
2002-06-21,19.656736511768038,10.902229514488436,-18.296804702016214,31.768977055834053
2002-06-22,18.895208635756784,11.700242030796684,-18.16059554180492,33.647697248594056
2002-06-23,19.16498891710894,11.933139058552882,-18.010280294552384,34.4116313488212
2002-06-24,18.1723969604015,12.678685417185939,-17.34631316284073,32.518449451332856
2002-06-25,20.367174839897295,12.615121706021311,-18.796784914709534,32.934847794539806
2002-06-26,19.774393250110123,14.265589539456208,-16.61271474427005,31.497336308717774
2002-06-27,19.255374864583413,13.102090404451436,-16.396867632792784,32.97813480837993
2002-06-28,17.833911166769628,14.899642768161694,-15.049038126391519,33.2404359400766
2002-06-29,18.190690260049326,13.933444711017184,-15.119664295360696,34.11996060264708
2002-06-30,18.522193012039235,14.02114498356583,-15.137711298233532,35.64458786871311
2002-07-01,18.200482216866604,15.436721368815645,-15.386869572266868,37.24149347081967
2002-07-02,18.684752247610014,16.980760238017194,-16.634746054828447,37.317331394306706
2002-07-03,19.95895534047834,16.784418878968847,-16.999988564584537,38.032436371972175
2002-07-04,19.60490689074597,14.90510391548682,-15.323007873121,37.79096476701911
2002-07-05,20.80596283399636,16.097803374471606,-14.736835240395486,37.97998315528692
2002-07-06,19.823661127606822,15.943544768648053,-14.577844934373262,38.209751209051454
2002-07-07,18.178548444920697,17.27590989629168,-13.046102252562601,39.28501678961545
2002-07-08,18.376769825074792,17.29292405124025,-13.13427407672076,41.61420603757283
2002-07-09,17.54334575007292,16.870348402930734,-13.389449563049123,41.592667254770106
2002-07-10,16.640439694814972,15.798562401960984,-14.198244543293026,42.1303626251671
2002-07-11,16.24982674624296,17.06147334226497,-15.359857445784186,43.467740105848925
2002-07-12,16.03123086715892,18.560498324248808,-15.044932749538061,43.52801455489056
2002-07-13,15.975695736349062,19.616773193273488,-14.31463998832662,43.79914797935078
2002-07-14,14.450255533526597,20.44597301087825,-15.649225621174548,44.185824119801026
2002-07-15,13.632070769446052,21.36820657437865,-14.156443375427685,44.95574110684628
2002-07-16,11.743689454379824,20.81981830731979,-14.912648037236423,43.0761859778118
2002-07-17,12.297906826381745,19.663792187117323,-15.787157188302093,42.78528135851121
2002-07-18,12.041787021751112,19.02225735155949,-15.735759000936113,42.71343170218409
2002-07-19,12.418769212736187,17.388816228771535,-16.927780339854404,42.47089197299989
2002-07-20,14.15256059269219,16.848270583202343,-15.622630365833547,42.435997300856414
2002-07-21,13.104095448926959,16.333909248683092,-15.661471597583358,41.844587404442194
2002-07-22,12.377895179493331,16.412560584231368,-14.825095099185281,42.164172440069265
2002-07-23,12.163817241979002,15.188959582499331,-14.750424861793048,41.54519128314693
2002-07-24,12.918743387287241,12.605987951029853,-15.231042801551775,41.851731913863894
2002-07-25,14.202552431431421,11.40670593994588,-15.3654425731566,42.74436967549392
2002-07-26,13.712913800263443,10.14551658012997,-14.161542373603677,42.646881115645556
2002-07-27,14.009282707658876,10.383043713781511,-15.966545883944397,44.07361625768899
2002-07-28,14.21565997050159,11.756783454376162,-16.75982941772111,43.76868383146488
2002-07-29,14.547729153544353,12.416089480941725,-16.203020652735486,42.20440246818324
2002-07-30,14.3901170390272,13.584854507888913,-17.313817061051605,42.972868914788926
2002-07-31,15.103172966535055,14.938194923769899,-17.42924548186636,43.275864171226885
2002-08-01,13.775821088991819,15.53745242204476,-17.72666169964745,43.26489200334311
2002-08-02,12.364852338762168,16.1692110691362,-18.19295917781595,42.16224559357559
2002-08-03,11.861415883898093,16.150518887851764,-18.6833401310802,42.76151690155842
2002-08-04,12.25816608163791,15.020840656340713,-19.076015543997837,42.654759102300744
2002-08-05,12.901839026267293,16.73134143698972,-20.791073677759783,43.24049410927142
2002-08-06,12.87117640237454,16.49225699381925,-20.866320101672862,43.896252105352644
2002-08-07,14.919393120111074,15.125086996963384,-20.50765417258446,42.685194887708946
2002-08-08,14.766823781531164,15.948676697106896,-20.661278684403996,42.29148028984381
2002-08-09,15.973452072697976,17.103699928675066,-19.926749629656168,44.487446097512894
2002-08-10,16.109476577666335,16.635683580666235,-20.865808145762237,43.374480770172326
2002-08-11,17.719374137155715,17.163583571678416,-20.41312778525582,42.20334695563128
2002-08-12,17.809471462527064,17.080829779552218,-21.59967976366016,41.926657394224456
2002-08-13,17.26390006254192,17.710067595649853,-23.42081043781816,40.920541370715576
2002-08-14,16.696031568809843,18.519989587628032,-22.683714351238137,41.34242095050858
2002-08-15,17.916419560607462,17.678604265179928,-22.617271326657402,40.59125154576911
2002-08-16,19.47109624987109,17.38583451747166,-21.095212241440016,41.03678577456681
2002-08-17,19.89915008669333,17.75412241459159,-21.331217586562378,40.79157752280683
2002-08-18,19.4557938063342,17.35700399597487,-20.09205668658988,40.263267328820646
2002-08-19,20.625353329520458,17.724309942169473,-20.87747894848541,41.109478500067624
2002-08-20,20.960753045022624,18.087926818412566,-20.8694106127997,41.11768121842087
2002-08-21,21.408793008053532,18.384154643189678,-19.054819423037422,38.2919017575129
2002-08-22,19.772069487194944,18.093726939443467,-18.220330119098158,38.29419760874223
2002-08-23,20.595221159967856,17.682590447855507,-18.210575006973226,39.00492176903617
2002-08-24,18.72008579218725,17.775066407568605,-18.637443592408292,39.480464096737094
2002-08-25,18.574711617962897,18.30955609419145,-20.132451806481583,40.996841823381935
2002-08-26,19.198959100807624,16.252663777296892,-19.13949213296417,42.46659598959333
2002-08-27,20.01292286324524,16.20432322912228,-18.870765301048166,43.07234820767287
2002-08-28,19.243914122191576,15.859364898124197,-19.382977394847078,43.247152442130194
2002-08-29,19.65355401016112,16.294153708765396,-19.560557907589814,42.96729685162252
2002-08-30,20.735919417861055,16.22206331621258,-20.609681554165356,44.35345740473415
2002-08-31,19.912088776951194,17.065321709774828,-19.632073882887475,42.51590156629523
2002-09-01,21.296995847943883,16.518933829292724,-20.928400767866705,42.77152861802135
2002-09-02,22.29200889503572,17.070242594971642,-21.793391211262524,42.148465730213715
2002-09-03,21.712731028500706,16.25984257914854,-21.86419437318514,42.1146475208958
2002-09-04,22.659270747251917,14.945364570663804,-22.4453212583685,41.59666362142539
2002-09-05,23.070437207977772,14.046232438489278,-22.5846998448858,41.585413125980445
2002-09-06,24.27615945155429,12.983687964005057,-23.913086875171437,42.260247441136855
2002-09-07,25.27310789625748,14.38644999408614,-24.312965323580222,41.872771227364055
2002-09-08,25.66763058457538,16.267249117765797,-24.419124395592483,43.44454171117227
2002-09-09,24.06646754113907,15.765380190645716,-23.384047266723787,45.02079555320006
2002-09-10,24.835116849074947,16.90738975122419,-23.63496772376258,44.65288482756752
2002-09-11,26.18925802914235,16.695689756025125,-22.28551260607489,45.615309378401776
2002-09-12,25.722057417400695,15.904210298458734,-21.606613970467794,45.54863582783694
2002-09-13,25.393848429956066,15.719798836068467,-20.696345782195333,43.4431529198201
2002-09-14,24.91134350598378,15.709983242681593,-21.270764356324506,43.72007301255504
2002-09-15,24.02232077554853,16.004635729495796,-21.296233844104453,44.296179323225104
2002-09-16,25.09310429500144,16.222668984888987,-21.977550816299164,43.63932682161622
2002-09-17,25.647770239586848,18.435031421463172,-22.844056231285194,43.432570623376854
2002-09-18,26.076973820839875,18.647917726623877,-22.46830645393852,44.087364198917605
2002-09-19,24.799139259466713,18.519056889106416,-22.000470865108426,43.78867554184627
2002-09-20,25.312573688941082,17.686497984524824,-22.730749349293063,44.89559928061334
2002-09-21,24.408883643004536,15.553746350172219,-22.430632604790244,46.18629180648407
2002-09-22,25.168484418100803,15.991513645869038,-23.922062151314446,46.58956230352649
2002-09-23,25.63656982985002,15.996603722763943,-24.872499985279116,46.29360648433117
2002-09-24,26.140180151741163,16.473231523889307,-26.680273414765537,44.80462600560531
2002-09-25,27.16302259377594,15.478257104969183,-26.258094108011527,43.55326603454531
2002-09-26,27.27100050431569,15.073107415410371,-25.910594722402003,44.541521124121594
